Code,Region,Name,Type 1 Departments - Major A&E,Type 2 Departments - Single Specialty,Type 3 Departments - Other A&E/Minor Injury Unit,Total attendances,Type 1 Departments - Major A&E,Type 2 Departments - Single Specialty,Type 3 Departments - Other A&E/Minor Injury Unit,Total Attendances > 4 hours,Percentage in 4 hours or less (type 1),Percentage in 4 hours or less (all),Emergency Admissions via Type 1 A&E,Emergency Admissions via Type 2 A&E,Emergency Admissions via Type 3 and 4 A&E,Total Emergency Admissions via A&E,Other Emergency admissions (i.e not via A&E),Total Emergency Admissions,Number of patients spending >4 hours from decision to admit to admission,Number of patients spending >12 hours from decision to admit to admission
RF4,London Commissioning Region,"Barking, Havering And Redbridge University Hospitals NHS Trust","20,386",552,"2,990","23,928","3,507",2,28,"3,537",82.80%,85.20%,"4,724",0,0,"4,724",34,"4,758",89,0
R1H,London Commissioning Region,Barts Health NHS Trust,"27,194",572,"10,046","37,812","4,968",8,126,"5,102",81.70%,86.50%,"6,892",0,0,"6,892","1,240","8,132",852,0
AD913,London Commissioning Region,Beckenham Beacon Ucc,0,0,"3,811","3,811",0,0,3,3,N/A,99.90%,0,0,0,0,0,0,0,0
RYX,London Commissioning Region,Central London Community Healthcare NHS Trust,0,0,"16,945","16,945",0,0,0,0,N/A,100.00%,0,0,0,0,0,0,0,0
RQM,London Commissioning Region,Chelsea And Westminster Hospital NHS Foundation Trust,"15,335",0,"6,972","22,307",985,0,38,"1,023",93.60%,95.40%,"3,773",0,0,"3,773",434,"4,207",159,0
RJ6,London Commissioning Region,Croydon Health Services NHS Trust,"6,345",0,"3,636","9,981",654,0,23,677,89.70%,93.20%,"1,976",0,0,"1,976",930,"2,906",55,0
Y02696,London Commissioning Region,Edmonton GP Walk In Centre,0,0,"1,092","1,092",0,0,0,0,N/A,100.00%,0,0,0,0,0,0,0,0
NX122,London Commissioning Region,Edridge Road Community Health Centre,0,0,"3,127","3,127",0,0,0,0,N/A,100.00%,0,0,0,0,0,0,0,0
RVR,London Commissioning Region,Epsom And St Helier University Hospitals NHS Trust,"12,190",372,0,"12,562",833,1,0,834,93.20%,93.40%,"3,072",6,0,"3,078",231,"3,309",238,0
RJ1,London Commissioning Region,Guy's And St Thomas' NHS Foundation Trust,"11,599",698,"2,631","14,928","1,070",0,0,"1,070",90.80%,92.80%,"2,773",0,0,"2,773",540,"3,313",95,0
Y03082,London Commissioning Region,Harold Wood Walk In Centre,0,0,"3,632","3,632",0,0,0,0,N/A,100.00%,0,0,0,0,0,0,0,0
RQX,London Commissioning Region,Homerton University Hospital NHS Foundation Trust,"9,961",0,0,"9,961",442,0,0,442,95.60%,95.60%,"1,583",0,0,"1,583",225,"1,808",61,0
RY9,London Commissioning Region,Hounslow And Richmond Community Healthcare NHS Trust,0,0,"4,309","4,309",0,0,0,0,N/A,100.00%,0,0,0,0,0,0,0,0
RYJ,London Commissioning Region,Imperial College Healthcare NHS Trust,"9,786","3,302","10,074","23,162","2,481",36,142,"2,659",74.60%,88.50%,"3,413",0,0,"3,413",918,"4,331",192,0
RJZ,London Commissioning Region,King's College Hospital NHS Foundation Trust,"17,359","2,039","5,352","24,750","2,908",0,193,"3,101",83.20%,87.50%,"4,789",0,0,"4,789",432,"5,221",361,1
RAX,London Commissioning Region,Kingston Hospital NHS Foundation Trust,"8,394",827,0,"9,221",513,19,0,532,93.90%,94.20%,"1,691",0,0,"1,691",663,"2,354",31,0
RJ2,London Commissioning Region,Lewisham And Greenwich NHS Trust,"17,871",0,"4,933","22,804","1,853",0,64,"1,917",89.60%,91.60%,"3,899",0,0,"3,899","1,059","4,958",478,0
R1K,London Commissioning Region,London North West Healthcare NHS Trust,"11,756",0,"17,841","29,597","3,405",0,206,"3,611",71.00%,87.80%,"5,036",0,0,"5,036",660,"5,696","1,165",0
RP6,London Commissioning Region,Moorfields Eye Hospital NHS Foundation Trust,0,"7,621",0,"7,621",0,127,0,127,N/A,98.30%,0,23,0,23,163,186,0,0
RAT,London Commissioning Region,North East London NHS Foundation Trust,0,0,"4,480","4,480",0,0,0,0,N/A,100.00%,0,0,0,0,0,0,0,0
RAP,London Commissioning Region,North Middlesex University Hospital NHS Trust,"14,365",0,0,"14,365","4,033",0,0,"4,033",71.90%,71.90%,"2,672",0,0,"2,672",358,"3,030",773,0
Y02973,London Commissioning Region,Orchard Village Walk-In-Centre,0,0,741,741,0,0,0,0,N/A,100.00%,0,0,0,0,0,0,0,0
Y02585,London Commissioning Region,Orient Practice,0,0,851,851,0,0,14,14,N/A,98.40%,0,0,0,0,0,0,0,0
AF003,London Commissioning Region,Parkway Miu,0,0,415,415,0,0,0,0,N/A,100.00%,0,0,0,0,415,415,0,0
AF002,London Commissioning Region,Purley Miu,0,0,553,553,0,0,0,0,N/A,100.00%,0,0,0,0,553,553,0,0
RT3,London Commissioning Region,Royal Brompton & Harefield NHS Foundation Trust,0,0,0,0,0,0,0,0,N/A,N/A,0,0,0,0,516,516,0,0
RAL,London Commissioning Region,Royal Free London NHS Foundation Trust,"18,752",0,"3,246","21,998","1,741",0,1,"1,742",90.70%,92.10%,"4,110",0,0,"4,110",508,"4,618",573,0
RAN,London Commissioning Region,Royal National Orthopaedic Hospital NHS Trust,0,0,0,0,0,0,0,0,N/A,N/A,0,0,0,0,21,21,0,0
Y03047,London Commissioning Region,St Andrews Walk-In Centre,0,0,"2,329","2,329",0,0,0,0,N/A,100.00%,0,0,0,0,0,0,0,0
RJ7,London Commissioning Region,St George's University Hospitals NHS Foundation Trust,"12,469",0,"1,262","13,731","1,401",0,0,"1,401",88.80%,89.80%,"3,637",0,0,"3,637",583,"4,220",0,0
F84747,London Commissioning Region,The Barkantine Practice,0,0,"2,561","2,561",0,0,0,0,N/A,100.00%,0,0,0,0,0,0,0,0
RAS,London Commissioning Region,The Hillingdon Hospitals NHS Foundation Trust,"5,035",0,"7,942","12,977","1,338",0,28,"1,366",73.40%,89.50%,"1,877",0,0,"1,877",189,"2,066",109,0
Y02987,London Commissioning Region,The Practice Loxford,0,0,"1,137","1,137",0,0,0,0,N/A,100.00%,0,0,0,0,0,0,0,0
E84068,London Commissioning Region,The Ridgeway Surgery,0,0,"2,829","2,829",0,0,0,0,N/A,100.00%,0,0,0,0,0,0,0,0
RKE,London Commissioning Region,The Whittington Hospital NHS Trust,"8,102",0,0,"8,102",691,0,0,691,91.50%,91.50%,"1,265",0,0,"1,265",106,"1,371",154,0
RRV,London Commissioning Region,University College London Hospitals NHS Foundation Trust,"11,124",0,0,"11,124",998,0,0,998,91.00%,91.00%,"1,693",0,0,"1,693",484,"2,177",131,0
Y02147,London Commissioning Region,Urgent Care Centre,0,0,"9,267","9,267",0,0,0,0,N/A,100.00%,0,0,0,0,0,0,0,0
Y03201,London Commissioning Region,Waldron - Hurley Unregistered Practice,0,0,"2,414","2,414",0,0,0,0,N/A,100.00%,0,0,0,0,0,0,0,0
NL7,Midlands And East Of England Commissioning Region,Assura Vertis Urgent Care Centres (Birmingham),0,0,"5,656","5,656",0,0,0,0,N/A,100.00%,0,0,0,0,0,0,0,0
RDD,Midlands And East Of England Commissioning Region,Basildon And Thurrock University Hospitals NHS Foundation Trust,"10,926",0,0,"10,926","1,268",0,0,"1,268",88.40%,88.40%,"2,312",0,0,"2,312",297,"2,609",166,0
RC1,Midlands And East Of England Commissioning Region,Bedford Hospital NHS Trust,"5,817",0,0,"5,817",270,0,0,270,95.40%,95.40%,"1,911",0,0,"1,911",191,"2,102",33,0
RQ3,Midlands And East Of England Commissioning Region,Birmingham Children's Hospital NHS Foundation Trust,"5,328",0,0,"5,328",721,0,0,721,86.50%,86.50%,993,0,0,993,404,"1,397",0,0
RYW,Midlands And East Of England Commissioning Region,Birmingham Community Healthcare NHS Trust,0,457,0,457,0,0,0,0,N/A,100.00%,0,0,0,0,0,0,0,0
M85813,Midlands And East Of England Commissioning Region,Birmingham Wic,0,0,"3,046","3,046",0,0,0,0,N/A,100.00%,0,0,0,0,0,0,0,0
RLU,Midlands And East Of England Commissioning Region,Birmingham Women's NHS Foundation Trust,0,0,0,0,0,0,0,0,N/A,N/A,0,0,0,0,137,137,0,0
RJF,Midlands And East Of England Commissioning Region,Burton Hospitals NHS Foundation Trust,"5,273",0,"4,324","9,597",764,0,1,765,85.50%,92.00%,"1,581",0,0,"1,581",663,"2,244",138,0
RGT,Midlands And East Of England Commissioning Region,Cambridge University Hospitals NHS Foundation Trust,"9,093",0,"2,386","11,479",517,0,0,517,94.30%,95.50%,"3,249",0,0,"3,249",568,"3,817",0,0
RFS,Midlands And East Of England Commissioning Region,Chesterfield Royal Hospital NHS Foundation Trust,"6,631",0,0,"6,631",491,0,0,491,92.60%,92.60%,"1,870",0,0,"1,870",987,"2,857",61,0
NQ108,Midlands And East Of England Commissioning Region,Clacton Hospital,0,0,"2,023","2,023",0,0,0,0,N/A,100.00%,0,0,0,0,0,0,0,0
RDE,Midlands And East Of England Commissioning Region,Colchester Hospital University NHS Foundation Trust,"6,587",0,0,"6,587","1,267",0,0,"1,267",80.80%,80.80%,"2,359",0,0,"2,359","1,237","3,596",273,0
Y03571,Midlands And East Of England Commissioning Region,Corby Urgent Care Centre,0,0,"5,545","5,545",0,0,15,15,N/A,99.70%,0,0,0,0,0,0,0,0
RYG,Midlands And East Of England Commissioning Region,Coventry And Warwickshire Partnership NHS Trust,0,0,0,0,0,0,0,0,N/A,N/A,0,0,0,0,104,104,0,0
Y02613,Midlands And East Of England Commissioning Region,Coventry NHS Healthcare Ctr,0,0,"4,402","4,402",0,0,0,0,N/A,100.00%,0,0,0,0,0,0,0,0
RTG,Midlands And East Of England Commissioning Region,Derby Teaching Hospitals NHS Foundation Trust,"11,179",0,"4,329","15,508",839,0,41,880,92.50%,94.30%,"3,376",0,0,"3,376","1,515","4,891",40,0
RY8,Midlands And East Of England Commissioning Region,Derbyshire Community Health Services NHS Foundation Trust,0,0,"3,667","3,667",0,0,0,0,N/A,100.00%,0,0,0,0,0,0,0,0
NNJ,Midlands And East Of England Commissioning Region,Derbyshire Health United Ltd,0,0,"1,868","1,868",0,0,0,0,N/A,100.00%,0,0,0,0,0,0,0,0
RWH,Midlands And East Of England Commissioning Region,East And North Hertfordshire NHS Trust,"8,494",0,"4,068","12,562","2,386",0,0,"2,386",71.90%,81.00%,"4,124",0,0,"4,124",507,"4,631",0,0
NAX,Midlands And East Of England Commissioning Region,East Coast Community Healthcare C.I.C,0,0,367,367,0,0,0,0,N/A,100.00%,0,0,0,0,0,0,0,0
NQ106,Midlands And East Of England Commissioning Region,Fryatt Hospital,0,0,524,524,0,0,0,0,N/A,100.00%,0,0,0,0,0,0,0,0
RLT,Midlands And East Of England Commissioning Region,George Eliot Hospital NHS Trust,"5,764",0,0,"5,764",560,0,0,560,90.30%,90.30%,"1,090",0,0,"1,090",69,"1,159",160,0
NTPAL,Midlands And East Of England Commissioning Region,Greet General Practice & Urgent Care Centre,0,0,"2,252","2,252",0,0,0,0,N/A,100.00%,0,0,0,0,0,0,0,0
Y02662,Midlands And East Of England Commissioning Region,Greyfriars Health Centre,0,0,"1,147","1,147",0,0,0,0,N/A,100.00%,0,0,0,0,0,0,0,0
NEH06,Midlands And East Of England Commissioning Region,Haverstock Healthcare (Cheshunt Community Hospital),0,0,"1,435","1,435",0,0,0,0,N/A,100.00%,0,0,0,0,0,0,1,0
RR1,Midlands And East Of England Commissioning Region,Heart Of England NHS Foundation Trust,"18,522",0,"3,286","21,808","2,498",0,55,"2,553",86.50%,88.30%,"5,927",0,"1,211","7,138","1,996","9,134",620,0
RY4,Midlands And East Of England Commissioning Region,Hertfordshire Community NHS Trust,0,0,674,674,0,0,0,0,N/A,100.00%,0,0,0,0,0,0,0,0
RQQ,Midlands And East Of England Commissioning Region,Hinchingbrooke Health Care NHS Trust,"3,748",0,0,"3,748",222,0,0,222,94.10%,94.10%,"1,005",0,0,"1,005",220,"1,225",59,0
RGQ,Midlands And East Of England Commissioning Region,Ipswich Hospital NHS Trust,"6,937",0,0,"6,937",371,0,0,371,94.70%,94.70%,"2,052",0,0,"2,052",969,"3,021",8,0
RGP,Midlands And East Of England Commissioning Region,James Paget University Hospitals NHS Foundation Trust,"5,616",0,0,"5,616",480,0,0,480,91.50%,91.50%,"1,119",0,0,"1,119",311,"1,430",76,0
RNQ,Midlands And East Of England Commissioning Region,Kettering General Hospital NHS Foundation Trust,"6,987",0,0,"6,987","1,201",0,0,"1,201",82.80%,82.80%,"1,748",0,0,"1,748","1,047","2,795",198,0
C82038,Midlands And East Of England Commissioning Region,Latham House Medical Practice,0,0,361,361,0,0,0,0,N/A,100.00%,0,0,0,0,0,0,0,0
RY5,Midlands And East Of England Commissioning Region,Lincolnshire Community Health Services NHS Trust,0,0,"13,098","13,098",0,0,83,83,N/A,99.40%,0,0,46,46,32,78,0,0
NJS05,Midlands And East Of England Commissioning Region,Loughborough Urgent Care Centre,0,0,"3,358","3,358",0,0,73,73,N/A,97.80%,0,0,0,0,0,0,0,0
RC9,Midlands And East Of England Commissioning Region,Luton And Dunstable University Hospital NHS Foundation Trust,"8,063",0,"3,448","11,511",193,0,0,193,97.60%,98.30%,"2,402",0,0,"2,402","1,074","3,476",1,0
Y02421,Midlands And East Of England Commissioning Region,Malling Health - Telford Wic,0,0,653,653,0,0,0,0,N/A,100.00%,0,0,0,0,0,0,0,0
C82009,Midlands And East Of England Commissioning Region,Market Harborough Med.Ctr,0,0,343,343,0,0,0,0,N/A,100.00%,0,0,0,0,0,0,0,0
NLO11,Midlands And East Of England Commissioning Region,Market Harborough Urgent Care Centre,0,0,432,432,0,0,4,4,N/A,99.10%,0,0,0,0,0,0,0,0
NLO09,Midlands And East Of England Commissioning Region,Melton Mowbray Urgent Care Centre,0,0,336,336,0,0,2,2,N/A,99.40%,0,0,0,0,0,0,0,0
RQ8,Midlands And East Of England Commissioning Region,Mid Essex Hospital Services NHS Trust,"7,117",0,431,"7,548",834,0,8,842,88.30%,88.80%,"2,133",0,0,"2,133",667,"2,800",103,0
RD8,Midlands And East Of England Commissioning Region,Milton Keynes University Hospital NHS Foundation Trust,"6,909",0,"4,757","11,666",250,0,8,258,96.40%,97.80%,"1,570",0,0,"1,570",818,"2,388",47,0
RM1,Midlands And East Of England Commissioning Region,Norfolk And Norwich University Hospitals NHS Foundation Trust,"8,736",0,713,"9,449","1,421",0,0,"1,421",83.70%,85.00%,"2,725",0,0,"2,725","2,087","4,812",283,0
Y02646,Midlands And East Of England Commissioning Region,North Colchester Healthcare Centre,0,0,"4,923","4,923",0,0,0,0,N/A,100.00%,0,0,0,0,0,0,0,0
RNS,Midlands And East Of England Commissioning Region,Northampton General Hospital NHS Trust,"8,332",870,0,"9,202",783,12,0,795,90.60%,91.40%,"2,649",0,0,"2,649","1,042","3,691",110,0
NMH01,Midlands And East Of England Commissioning Region,Norwich Practices Ltd (Castle Mall),0,0,"5,428","5,428",0,0,0,0,N/A,100.00%,0,0,0,0,0,0,0,0
NR3,Midlands And East Of England Commissioning Region,Nottingham Citycare Partnership,0,0,"4,682","4,682",0,0,106,106,N/A,97.70%,0,0,0,0,0,0,0,0
RX1,Midlands And East Of England Commissioning Region,Nottingham University Hospitals NHS Trust,"14,507","1,300",183,"15,990","3,119",1,0,"3,120",78.50%,80.50%,"4,244",0,0,"4,244","2,285","6,529",268,0
NLO10,Midlands And East Of England Commissioning Region,Oadby & Wigston Urgent Care Centre,0,0,"2,373","2,373",0,0,21,21,N/A,99.10%,0,0,0,0,0,0,0,0
C82010,Midlands And East Of England Commissioning Region,Oakham Medical Practice,0,0,342,342,0,0,0,0,N/A,100.00%,0,0,0,0,0,0,0,0
NLO12,Midlands And East Of England Commissioning Region,Oakham Urgent Care Centre,0,0,212,212,0,0,0,0,N/A,100.00%,0,0,0,0,0,0,0,0
RGN,Midlands And East Of England Commissioning Region,Peterborough And Stamford Hospitals NHS Foundation Trust,"8,016",0,633,"8,649",723,0,1,724,91.00%,91.60%,"2,655",0,0,"2,655",712,"3,367",98,0
Y02428,Midlands And East Of England Commissioning Region,Putnoe Medical Centre Walk In Centre,0,0,"2,108","2,108",0,0,0,0,N/A,100.00%,0,0,0,0,0,0,0,0
RXK,Midlands And East Of England Commissioning Region,Sandwell And West Birmingham Hospitals NHS Trust,"13,703","2,141","3,262","19,106","1,697",18,0,"1,715",87.60%,91.00%,"3,565",25,0,"3,590",698,"4,288",20,0
RK5,Midlands And East Of England Commissioning Region,Sherwood Forest Hospitals NHS Foundation Trust,"8,110",0,"3,967","12,077",502,0,55,557,93.80%,95.40%,"2,633",0,10,"2,643",418,"3,061",69,0
Y02736,Midlands And East Of England Commissioning Region,Showell Park Health & Walk In Centre,0,0,"2,102","2,102",0,0,0,0,N/A,100.00%,0,0,0,0,0,0,0,0
RXW,Midlands And East Of England Commissioning Region,Shrewsbury And Telford Hospital NHS Trust,"9,543",0,"1,048","10,591","1,489",0,0,"1,489",84.40%,85.90%,"2,253",0,0,"2,253","2,258","4,511",467,0
R1D,Midlands And East Of England Commissioning Region,Shropshire Community Health NHS Trust,0,452,"1,714","2,166",0,0,0,0,N/A,100.00%,0,0,0,0,15,15,0,0
Y02568,Midlands And East Of England Commissioning Region,Solihull Healthcare & Walk-In-Centre,0,0,"4,028","4,028",0,0,0,0,N/A,100.00%,0,0,0,0,0,0,0,0
Y02615,Midlands And East Of England Commissioning Region,South Birmingham GP Walk In Centre,0,0,"5,768","5,768",0,0,0,0,N/A,100.00%,0,0,0,0,0,0,0,0
RJC,Midlands And East Of England Commissioning Region,South Warwickshire NHS Foundation Trust,"4,784",0,500,"5,284",346,0,0,346,92.80%,93.50%,"1,539",0,0,"1,539",290,"1,829",32,0
RAJ,Midlands And East Of England Commissioning Region,Southend University Hospital NHS Foundation Trust,"8,020",0,0,"8,020","1,098",0,0,"1,098",86.30%,86.30%,"2,210",0,0,"2,210",773,"2,983",136,2
NLO02,Midlands And East Of England Commissioning Region,Staffordshire Doctors Urgent Care Ltd [Sduc],0,0,964,964,0,0,6,6,N/A,99.40%,0,0,0,0,0,0,0,0
NHM01,Midlands And East Of England Commissioning Region,Suffolk Community Healthcare - Ipswich,0,0,386,386,0,0,0,0,N/A,100.00%,0,0,0,0,0,0,0,0
Y02961,Midlands And East Of England Commissioning Region,Summerfield GP Surg & Urgent Care Centre,0,0,"4,637","4,637",0,0,0,0,N/A,100.00%,0,0,0,0,0,0,0,0
RNA,Midlands And East Of England Commissioning Region,The Dudley Group NHS Foundation Trust,"7,781",0,"7,088","14,869",217,0,0,217,97.20%,98.50%,"2,557",0,0,"2,557",909,"3,466",47,0
RQW,Midlands And East Of England Commissioning Region,The Princess Alexandra Hospital NHS Trust,"8,318",0,142,"8,460","1,503",0,0,"1,503",81.90%,82.20%,"2,288",0,0,"2,288",555,"2,843",428,0
RCX,Midlands And East Of England Commissioning Region,"The Queen Elizabeth Hospital, King's Lynn, NHS Foundation Trust","4,818",0,0,"4,818",455,0,0,455,90.60%,90.60%,"1,740",0,0,"1,740",904,"2,644",157,0
RL1,Midlands And East Of England Commissioning Region,The Robert Jones And Agnes Hunt Orthopaedic Hospital NHS Foundation Trust,0,0,0,0,0,0,0,0,N/A,N/A,0,0,0,0,21,21,0,0
RL4,Midlands And East Of England Commissioning Region,The Royal Wolverhampton NHS Trust,"11,015",0,"4,435","15,450","1,772",0,0,"1,772",83.90%,88.50%,"2,769",0,0,"2,769","1,157","3,926",200,0
RWD,Midlands And East Of England Commissioning Region,United Lincolnshire Hospitals NHS Trust,"13,132",0,0,"13,132","1,985",0,0,"1,985",84.90%,84.90%,"3,357",0,0,"3,357","1,208","4,565",73,0
RRK,Midlands And East Of England Commissioning Region,University Hospitals Birmingham NHS Foundation Trust,"9,004",0,0,"9,004",879,0,0,879,90.20%,90.20%,"2,861",0,0,"2,861",938,"3,799",62,0
RKB,Midlands And East Of England Commissioning Region,University Hospitals Coventry And Warwickshire NHS Trust,"11,616","1,597","2,145","15,358","1,922",1,7,"1,930",83.50%,87.40%,"3,884",83,3,"3,970",669,"4,639",508,0
RWE,Midlands And East Of England Commissioning Region,University Hospitals Of Leicester NHS Trust,"11,255","1,761","6,042","19,058","2,715",78,40,"2,833",75.90%,85.10%,"3,722",19,0,"3,741","3,863","7,604",309,1
RJE,Midlands And East Of England Commissioning Region,University Hospitals Of North Midlands NHS Trust,"11,190",407,"8,140","19,737","3,132",0,266,"3,398",72.00%,82.80%,"4,310",0,613,"4,923","2,805","7,728",945,1
RBK,Midlands And East Of England Commissioning Region,Walsall Healthcare NHS Trust,"6,323",0,"3,399","9,722","1,451",0,0,"1,451",77.10%,85.10%,"2,065",0,0,"2,065",823,"2,888",423,0
ATQ02,Midlands And East Of England Commissioning Region,Walsall Urgent Care Centre (Community Site),0,0,"4,302","4,302",0,0,0,0,N/A,100.00%,0,0,0,0,0,0,0,0
RWG,Midlands And East Of England Commissioning Region,West Hertfordshire Hospitals NHS Trust,"7,662",0,"3,832","11,494","1,677",0,23,"1,700",78.10%,85.20%,"2,738",0,0,"2,738",592,"3,330",641,0
RGR,Midlands And East Of England Commissioning Region,West Suffolk NHS Foundation Trust,"5,302",0,0,"5,302",342,0,0,342,93.50%,93.50%,"1,627",0,0,"1,627",611,"2,238",9,0
RWP,Midlands And East Of England Commissioning Region,Worcestershire Acute Hospitals NHS Trust,"10,164",0,"4,751","14,915","1,620",0,0,"1,620",84.10%,89.10%,"3,170",0,0,"3,170","1,079","4,249",518,0
R1A,Midlands And East Of England Commissioning Region,Worcestershire Health And Care NHS Trust,0,730,0,730,0,0,0,0,N/A,100.00%,0,0,0,0,0,0,0,0
RLQ,Midlands And East Of England Commissioning Region,Wye Valley NHS Trust,"4,293",0,"3,304","7,597",770,0,0,770,82.10%,89.90%,"1,007",0,0,"1,007",317,"1,324",139,0
RTV,North Of England Commissioning Region,5 Boroughs Partnership NHS Foundation Trust,0,0,"3,991","3,991",0,0,0,0,N/A,100.00%,0,0,0,0,0,0,0,0
REM,North Of England Commissioning Region,Aintree University Hospital NHS Foundation Trust,"6,617",0,"5,736","12,353","2,051",0,0,"2,051",69.00%,83.40%,"2,250",0,0,"2,250",909,"3,159",743,0
RCF,North Of England Commissioning Region,Airedale NHS Foundation Trust,"4,406",0,0,"4,406",249,0,0,249,94.30%,94.30%,"1,000",0,0,"1,000",841,"1,841",22,0
RBS,North Of England Commissioning Region,Alder Hey Children's NHS Foundation Trust,"5,096",0,0,"5,096",773,0,0,773,84.80%,84.80%,756,0,0,756,276,"1,032",0,0
RFF,North Of England Commissioning Region,Barnsley Hospital NHS Foundation Trust,"6,762",0,0,"6,762",484,0,0,484,92.80%,92.80%,"2,043",0,0,"2,043",767,"2,810",57,0
RXL,North Of England Commissioning Region,Blackpool Teaching Hospitals NHS Foundation Trust,"6,940",0,"8,977","15,917","1,325",0,1,"1,326",80.90%,91.70%,"2,009",0,0,"2,009",845,"2,854",279,0
RMC,North Of England Commissioning Region,Bolton NHS Foundation Trust,"9,531",0,0,"9,531",847,0,0,847,91.10%,91.10%,"2,261",0,0,"2,261","1,090","3,351",188,0
RAE,North Of England Commissioning Region,Bradford Teaching Hospitals NHS Foundation Trust,"11,346",0,0,"11,346",914,0,0,914,91.90%,91.90%,"2,928",0,0,"2,928","1,132","4,060",82,0
NNF09,North Of England Commissioning Region,Bransholme Health Centre,0,0,715,715,0,0,0,0,N/A,100.00%,0,0,0,0,0,0,0,0
RY2,North Of England Commissioning Region,Bridgewater Community Healthcare NHS Foundation Trust,0,0,"7,794","7,794",0,0,10,10,N/A,99.90%,0,0,0,0,0,0,0,0
RWY,North Of England Commissioning Region,Calderdale And Huddersfield NHS Foundation Trust,"12,040",0,0,"12,040",571,0,0,571,95.30%,95.30%,"2,650",0,0,"2,650","1,211","3,861",164,0
NTP08,North Of England Commissioning Region,Care Uk NHS Rotherham Diagnostic Centre,0,0,"3,812","3,812",0,0,0,0,N/A,100.00%,0,0,0,0,0,0,0,0
RW3,North Of England Commissioning Region,Central Manchester University Hospitals NHS Foundation Trust,"12,325","3,213","9,362","24,900","1,896",5,15,"1,916",84.60%,92.30%,"3,554",180,142,"3,876",513,"4,389",727,0
RLN,North Of England Commissioning Region,City Hospitals Sunderland NHS Foundation Trust,"7,606","2,076","2,120","11,802","1,039",5,13,"1,057",86.30%,91.00%,"2,765",27,0,"2,792",880,"3,672",94,0
RJR,North Of England Commissioning Region,Countess Of Chester Hospital NHS Foundation Trust,"4,914",0,623,"5,537",828,0,7,835,83.20%,84.90%,"1,821",0,0,"1,821",666,"2,487",435,0
RXP,North Of England Commissioning Region,County Durham And Darlington NHS Foundation Trust,"10,775",0,"13,575","24,350","2,162",0,0,"2,162",79.90%,91.10%,"3,381",0,0,"3,381","1,790","5,171",634,2
RNN,North Of England Commissioning Region,Cumbria Partnership NHS Foundation Trust,0,0,923,923,0,0,6,6,N/A,99.30%,0,0,0,0,0,0,0,0
RP5,North Of England Commissioning Region,Doncaster And Bassetlaw Hospitals NHS Foundation Trust,"11,012",0,"2,412","13,424",605,0,0,605,94.50%,95.50%,"3,185",0,239,"3,424","1,248","4,672",355,0
RJN,North Of England Commissioning Region,East Cheshire NHS Trust,"3,949",0,422,"4,371",546,0,0,546,86.20%,87.50%,886,0,0,886,377,"1,263",71,0
RXR,North Of England Commissioning Region,East Lancashire Hospitals NHS Trust,"9,315",0,"6,192","15,507",835,0,19,854,91.00%,94.50%,"3,314",0,41,"3,355","1,423","4,778",168,0
NNF28,North Of England Commissioning Region,Freedom Centre,0,0,266,266,0,0,0,0,N/A,100.00%,0,0,0,0,0,0,0,0
RR7,North Of England Commissioning Region,Gateshead Health NHS Foundation Trust,"7,249",0,"2,250","9,499",563,0,2,565,92.20%,94.10%,"1,668",0,0,"1,668",385,"2,053",105,0
RCD,North Of England Commissioning Region,Harrogate And District NHS Foundation Trust,"3,665",0,555,"4,220",156,0,0,156,95.70%,96.30%,868,0,0,868,646,"1,514",8,0
RWA,North Of England Commissioning Region,Hull And East Yorkshire Hospitals NHS Trust,"10,505",0,"1,134","11,639","2,168",0,0,"2,168",79.40%,81.40%,"1,495",0,0,"1,495","3,347","4,842",600,0
RV9,North Of England Commissioning Region,Humber NHS Foundation Trust,0,0,790,790,0,0,0,0,N/A,100.00%,0,0,0,0,0,0,0,0
RXN,North Of England Commissioning Region,Lancashire Teaching Hospitals NHS Foundation Trust,"10,255",0,0,"10,255",986,0,0,986,90.40%,90.40%,"2,211",0,0,"2,211","1,841","4,052",161,0
Y01231,North Of England Commissioning Region,Lcd-Leeds-Ooh,0,0,"2,113","2,113",0,0,0,0,N/A,100.00%,0,0,0,0,0,0,0,0
RR8,North Of England Commissioning Region,Leeds Teaching Hospitals NHS Trust,"16,668",0,"1,429","18,097","1,698",0,0,"1,698",89.80%,90.60%,"6,612",0,0,"6,612","1,097","7,709",430,0
Y02875,North Of England Commissioning Region,Lindley House Health Centre,0,0,"3,814","3,814",0,0,0,0,N/A,100.00%,0,0,0,0,0,0,0,0
RY1,North Of England Commissioning Region,Liverpool Community Health NHS Trust,0,0,"2,291","2,291",0,0,0,0,N/A,100.00%,0,0,0,0,0,0,0,0
RBQ,North Of England Commissioning Region,Liverpool Heart And Chest Hospital NHS Foundation Trust,0,0,0,0,0,0,0,0,N/A,N/A,0,0,0,0,279,279,0,0
REP,North Of England Commissioning Region,Liverpool Women's NHS Foundation Trust,0,991,0,991,0,13,0,13,N/A,98.70%,0,97,0,97,24,121,0,0
Y01069,North Of England Commissioning Region,Local Care Direct Ooh,0,0,"3,152","3,152",0,0,0,0,N/A,100.00%,0,0,0,0,0,0,0,0
RW4,North Of England Commissioning Region,Mersey Care NHS Trust,0,0,0,0,0,0,0,0,N/A,N/A,0,0,0,0,180,180,0,0
RBT,North Of England Commissioning Region,Mid Cheshire Hospitals NHS Foundation Trust,"5,165",0,"1,702","6,867",246,0,0,246,95.20%,96.40%,"2,087",0,0,"2,087","1,133","3,220",0,0
RXF,North Of England Commissioning Region,Mid Yorkshire Hospitals NHS Trust,"19,024",0,0,"19,024","2,541",0,0,"2,541",86.60%,86.60%,"4,370",0,0,"4,370","1,304","5,674","1,027",0
RNL,North Of England Commissioning Region,North Cumbria University Hospitals NHS Trust,"6,965",0,0,"6,965","1,065",0,0,"1,065",84.70%,84.70%,"1,899",0,0,"1,899",901,"2,800",267,3
RVW,North Of England Commissioning Region,North Tees And Hartlepool NHS Foundation Trust,"5,670",0,"1,265","6,935",243,0,2,245,95.70%,96.50%,"1,486",0,2,"1,488","2,191","3,679",0,0
RJL,North Of England Commissioning Region,Northern Lincolnshire And Goole NHS Foundation Trust,"10,853",0,"1,388","12,241",839,0,4,843,92.30%,93.10%,"2,613",0,0,"2,613",637,"3,250",123,0
RTF,North Of England Commissioning Region,Northumbria Healthcare NHS Foundation Trust,"13,867",0,"1,678","15,545",927,0,3,930,93.30%,94.00%,"3,407",0,4,"3,411",484,"3,895",1,0
RW6,North Of England Commissioning Region,Pennine Acute Hospitals NHS Trust,"22,061",0,"4,311","26,372","5,386",0,74,"5,460",75.60%,79.30%,"4,796",0,104,"4,900","1,601","6,501",905,5
RT2,North Of England Commissioning Region,Pennine Care NHS Foundation Trust,0,0,"5,645","5,645",0,0,0,0,N/A,100.00%,0,0,0,0,0,0,0,0
RQ6,North Of England Commissioning Region,Royal Liverpool And Broadgreen University Hospitals NHS Trust,"7,790","1,747","9,228","18,765","1,494",1,0,"1,495",80.80%,92.00%,"2,629",32,0,"2,661",706,"3,367",0,0
RM3,North Of England Commissioning Region,Salford Royal NHS Foundation Trust,"8,423",0,0,"8,423",797,0,0,797,90.50%,90.50%,"2,907",0,0,"2,907",228,"3,135",187,0
RCU,North Of England Commissioning Region,Sheffield Children's NHS Foundation Trust,"4,735",0,0,"4,735",144,0,0,144,97.00%,97.00%,739,0,0,739,509,"1,248",0,0
Y02565,North Of England Commissioning Region,Sheffield City GP Hc (Wic),0,0,"5,336","5,336",0,0,0,0,N/A,100.00%,0,0,0,0,0,0,0,0
RTR,North Of England Commissioning Region,South Tees Hospitals NHS Foundation Trust,"9,804",0,"6,001","15,805",789,0,0,789,92.00%,95.00%,"1,958",0,29,"1,987","2,106","4,093",318,0
RE9,North Of England Commissioning Region,South Tyneside NHS Foundation Trust,"4,982",0,932,"5,914",418,0,0,418,91.60%,92.90%,"1,206",0,0,"1,206",21,"1,227",125,0
RXG,North Of England Commissioning Region,South West Yorkshire Partnership NHS Foundation Trust,0,0,0,0,0,0,0,0,N/A,N/A,0,0,0,0,152,152,0,0
RVY,North Of England Commissioning Region,Southport And Ormskirk Hospital NHS Trust,"6,128",0,"3,282","9,410","1,171",0,0,"1,171",80.90%,87.60%,"1,970",0,0,"1,970",107,"2,077",189,0
RBN,North Of England Commissioning Region,St Helens And Knowsley Hospital Services NHS Trust,"8,735",0,"3,215","11,950","1,441",0,0,"1,441",83.50%,87.90%,"3,078",0,0,"3,078",891,"3,969",281,0
RWJ,North Of England Commissioning Region,Stockport NHS Foundation Trust,"7,812",0,0,"7,812","2,052",0,0,"2,052",73.70%,73.70%,"2,588",0,0,"2,588",952,"3,540",496,0
NLO01,North Of England Commissioning Region,Sunderland GP Out Of Hours,0,0,"6,102","6,102",0,0,29,29,N/A,99.50%,0,0,0,0,0,0,0,0
RMP,North Of England Commissioning Region,Tameside Hospital NHS Foundation Trust,"6,771",0,0,"6,771","1,831",0,0,"1,831",73.00%,73.00%,"1,711",0,0,"1,711",437,"2,148",415,0
RBV,North Of England Commissioning Region,The Christie NHS Foundation Trust,0,0,0,0,0,0,0,0,N/A,N/A,0,0,0,0,378,378,0,0
RTD,North Of England Commissioning Region,The Newcastle Upon Tyne Hospitals NHS Foundation Trust,"10,647","1,491","3,985","16,123","1,167",8,3,"1,178",89.00%,92.70%,"2,588",28,6,"2,622","2,728","5,350",185,0
RFR,North Of England Commissioning Region,The Rotherham NHS Foundation Trust,"6,488",0,0,"6,488",939,0,0,939,85.50%,85.50%,"1,424",0,0,"1,424",559,"1,983",115,0
RET,North Of England Commissioning Region,The Walton Centre NHS Foundation Trust,0,0,0,0,0,0,0,0,N/A,N/A,0,0,0,0,160,160,0,0
RM2,North Of England Commissioning Region,University Hospital Of South Manchester NHS Foundation Trust,"7,870",0,0,"7,870","1,572",0,0,"1,572",80.00%,80.00%,"2,603",0,0,"2,603",810,"3,413",658,0
RTX,North Of England Commissioning Region,University Hospitals Of Morecambe Bay NHS Foundation Trust,"7,114",0,"1,238","8,352",786,0,25,811,89.00%,90.30%,"2,269",0,98,"2,367","1,003","3,370",188,0
RWW,North Of England Commissioning Region,Warrington And Halton Hospitals NHS Foundation Trust,"6,502",0,"3,007","9,509","1,405",0,3,"1,408",78.40%,85.20%,"2,064",0,1,"2,065",762,"2,827",482,0
RY7,North Of England Commissioning Region,Wirral Community NHS Trust,0,0,"6,000","6,000",0,0,17,17,N/A,99.70%,0,0,0,0,0,0,0,0
RBL,North Of England Commissioning Region,Wirral University Teaching Hospital NHS Foundation Trust,"7,736",0,"2,487","10,223","1,184",0,8,"1,192",84.70%,88.30%,"2,615",0,0,"2,615","1,570","4,185",356,0
AJN,North Of England Commissioning Region,Workington Health Limited,0,0,"1,875","1,875",0,0,0,0,N/A,100.00%,0,0,0,0,0,0,0,0
RRF,North Of England Commissioning Region,"Wrightington, Wigan And Leigh NHS Foundation Trust","7,505",0,0,"7,505",477,0,0,477,93.60%,93.60%,"2,153",0,0,"2,153",122,"2,275",0,0
RCB,North Of England Commissioning Region,York Teaching Hospital NHS Foundation Trust,"9,424",0,"6,143","15,567","1,645",0,22,"1,667",82.50%,89.30%,"3,248",0,0,"3,248","1,513","4,761",237,0
RTK,South Of England Commissioning Region,Ashford And St Peter's Hospitals NHS Foundation Trust,"8,134",0,"1,125","9,259","1,670",0,0,"1,670",79.50%,82.00%,"1,986",0,0,"1,986",120,"2,106",292,0
Y02688,South Of England Commissioning Region,Ashford Health Centre,0,0,"3,426","3,426",0,0,0,0,N/A,100.00%,0,0,0,0,0,0,0,0
NQT10,South Of England Commissioning Region,Assura Reading Llp,0,0,"3,601","3,601",0,0,0,0,N/A,100.00%,0,0,0,0,0,0,0,0
RWX,South Of England Commissioning Region,Berkshire Healthcare NHS Foundation Trust,0,0,"5,593","5,593",0,0,0,0,N/A,100.00%,0,0,0,0,0,0,0,0
RXH,South Of England Commissioning Region,Brighton And Sussex University Hospitals NHS Trust,"12,272","1,006",0,"13,278","1,591",0,0,"1,591",87.00%,88.00%,"3,814",24,0,"3,838",578,"4,416",412,2
NLW,South Of England Commissioning Region,Bristol Community Health,0,0,"4,857","4,857",0,0,32,32,N/A,99.30%,0,0,0,0,0,0,0,0
RXQ,South Of England Commissioning Region,Buckinghamshire Healthcare NHS Trust,"6,710","1,150","3,360","11,220",763,0,28,791,88.60%,93.00%,"2,938",442,0,"3,380",913,"4,293",290,0
Y02596,South Of England Commissioning Region,Cardrew Health Centre,0,0,"2,295","2,295",0,0,0,0,N/A,100.00%,0,0,0,0,0,0,0,0
Y00058,South Of England Commissioning Region,Carfax Health Enterprise,0,0,"2,692","2,692",0,0,0,0,N/A,100.00%,0,0,0,0,0,0,0,0
RN7,South Of England Commissioning Region,Dartford And Gravesham NHS Trust,"8,242",0,0,"8,242","1,390",0,0,"1,390",83.10%,83.10%,"2,333",0,0,"2,333",277,"2,610",104,0
RBD,South Of England Commissioning Region,Dorset County Hospital NHS Foundation Trust,"3,555",0,0,"3,555",176,0,0,176,95.00%,95.00%,"1,243",0,0,"1,243",555,"1,798",14,0
RDY,South Of England Commissioning Region,Dorset Healthcare University NHS Foundation Trust,0,0,"3,153","3,153",0,0,1,1,N/A,100.00%,0,0,2,2,24,26,0,0
G82071,South Of England Commissioning Region,Dr Jm Ribchester & Partners,0,0,"1,635","1,635",0,0,0,0,N/A,100.00%,0,0,0,0,0,0,0,0
RVV,South Of England Commissioning Region,East Kent Hospitals University NHS Foundation Trust,"11,887",0,"4,571","16,458","1,834",0,157,"1,991",84.60%,87.90%,"3,188",0,"1,189","4,377","1,229","5,606",121,0
RXC,South Of England Commissioning Region,East Sussex Healthcare NHS Trust,"8,612",739,0,"9,351","1,244",0,0,"1,244",85.60%,86.70%,"2,623",0,0,"2,623",582,"3,205",234,0
RDU,South Of England Commissioning Region,Frimley Health NHS Foundation Trust,"19,009",0,0,"19,009",746,0,0,746,96.10%,96.10%,"5,886",0,0,"5,886","1,354","7,240",122,0
R1J,South Of England Commissioning Region,Gloucestershire Care Services NHS Trust,0,0,"5,232","5,232",0,0,15,15,N/A,99.70%,0,0,2,2,66,68,0,0
RTE,South Of England Commissioning Region,Gloucestershire Hospitals NHS Foundation Trust,"10,844",0,0,"10,844","1,882",0,0,"1,882",82.60%,82.60%,"3,850",0,0,"3,850",851,"4,701",365,1
RN3,South Of England Commissioning Region,Great Western Hospitals NHS Foundation Trust,"6,144",0,"5,811","11,955","1,152",0,47,"1,199",81.30%,90.00%,"2,251",0,0,"2,251","1,030","3,281",472,0
RN5,South Of England Commissioning Region,Hampshire Hospitals NHS Foundation Trust,"8,798",0,"1,074","9,872","1,398",0,0,"1,398",84.10%,85.80%,"2,059",0,0,"2,059",945,"3,004",787,3
NDA57,South Of England Commissioning Region,Haslemere Minor Injuries Unit,0,0,553,553,0,0,1,1,N/A,99.80%,0,0,0,0,0,0,0,0
R1F,South Of England Commissioning Region,Isle Of Wight NHS Trust,"3,153",0,"2,203","5,356",445,0,0,445,85.90%,91.70%,726,0,0,726,189,915,151,0
RYY,South Of England Commissioning Region,Kent Community Health NHS Foundation Trust,0,0,"8,197","8,197",0,0,3,3,N/A,100.00%,0,0,0,0,0,0,0,0
NR5,South Of England Commissioning Region,Livewell Southwest,0,0,"3,087","3,087",0,0,0,0,N/A,100.00%,0,0,0,0,0,0,0,0
RWF,South Of England Commissioning Region,Maidstone And Tunbridge Wells NHS Trust,"11,383",0,0,"11,383","1,724",0,0,"1,724",84.90%,84.90%,"3,018",0,0,"3,018",338,"3,356",602,0
RPA,South Of England Commissioning Region,Medway NHS Foundation Trust,"8,474",0,0,"8,474",753,0,0,753,91.10%,91.10%,"2,079",0,0,"2,079","1,145","3,224",82,0
RVJ,South Of England Commissioning Region,North Bristol NHS Trust,"6,839",0,0,"6,839","1,374",0,0,"1,374",79.90%,79.90%,"2,375",0,0,"2,375","1,198","3,573",441,0
RBZ,South Of England Commissioning Region,Northern Devon Healthcare NHS Trust,"3,473",0,"6,311","9,784",568,0,1,569,83.60%,94.20%,"1,143",0,0,"1,143",425,"1,568",157,0
RNU,South Of England Commissioning Region,Oxford Health NHS Foundation Trust,0,0,"2,312","2,312",0,0,57,57,N/A,97.50%,0,0,0,0,0,0,0,0
RTH,South Of England Commissioning Region,Oxford University Hospitals NHS Foundation Trust,"10,540","1,311",0,"11,851","1,402",0,0,"1,402",86.70%,88.20%,"3,283",87,0,"3,370","2,429","5,799",286,0
NLX02,South Of England Commissioning Region,Paulton Memorial Hospital,0,0,481,481,0,0,0,0,N/A,100.00%,0,0,0,0,0,0,0,0
NLL,South Of England Commissioning Region,Peninsula Community Health C.I.C,0,0,"6,677","6,677",0,0,14,14,N/A,99.80%,0,0,10,10,27,37,0,0
RK9,South Of England Commissioning Region,Plymouth Hospitals NHS Trust,"7,717",218,0,"7,935",741,3,0,744,90.40%,90.60%,"2,510",0,0,"2,510","1,550","4,060",4,4
RD3,South Of England Commissioning Region,Poole Hospital NHS Foundation Trust,"5,372",0,0,"5,372",502,0,0,502,90.70%,90.70%,"1,692",0,0,"1,692","1,436","3,128",78,0
RHU,South Of England Commissioning Region,Portsmouth Hospitals NHS Trust,"9,056",809,"1,466","11,331","2,445",0,12,"2,457",73.00%,78.30%,"3,441",0,5,"3,446","1,040","4,486",521,1
RPC,South Of England Commissioning Region,Queen Victoria Hospital NHS Foundation Trust,0,0,856,856,0,0,7,7,N/A,99.20%,0,0,19,19,370,389,0,0
RHW,South Of England Commissioning Region,Royal Berkshire NHS Foundation Trust,"8,685","1,156",0,"9,841",412,1,0,413,95.30%,95.80%,"2,923",8,0,"2,931",542,"3,473",71,0
REF,South Of England Commissioning Region,Royal Cornwall Hospitals NHS Trust,"5,426",0,"1,279","6,705","1,366",0,12,"1,378",74.80%,79.40%,"2,334",0,18,"2,352","1,180","3,532",558,0
RH8,South Of England Commissioning Region,Royal Devon And Exeter NHS Foundation Trust,"8,108",0,0,"8,108",584,0,0,584,92.80%,92.80%,"2,005",0,0,"2,005","1,310","3,315",5,0
RA2,South Of England Commissioning Region,Royal Surrey County Hospital NHS Foundation Trust,"5,301",0,0,"5,301",460,0,0,460,91.30%,91.30%,"1,648",0,0,"1,648",160,"1,808",0,0
RD1,South Of England Commissioning Region,Royal United Hospitals Bath NHS Foundation Trust,"5,768",0,"1,068","6,836",935,0,24,959,83.80%,86.00%,"2,189",0,116,"2,305","1,063","3,368",410,0
RNZ,South Of England Commissioning Region,Salisbury NHS Foundation Trust,"3,538",0,0,"3,538",215,0,0,215,93.90%,93.90%,"1,069",0,0,"1,069",700,"1,769",27,0
RH5,South Of England Commissioning Region,Somerset Partnership NHS Foundation Trust,0,0,"6,713","6,713",0,0,16,16,N/A,99.80%,0,0,11,11,172,183,0,0
NTP11,South Of England Commissioning Region,Southampton NHS Treatment Centre,0,0,"3,590","3,590",0,0,31,31,N/A,99.10%,0,0,0,0,0,0,0,0
RW1,South Of England Commissioning Region,Southern Health NHS Foundation Trust,0,0,"1,725","1,725",0,0,14,14,N/A,99.20%,0,0,0,0,145,145,0,0
NTPAD,South Of England Commissioning Region,St Mary's NHS Treatment Centre,0,0,"3,484","3,484",0,0,3,3,N/A,99.90%,0,0,0,0,0,0,0,0
RTP,South Of England Commissioning Region,Surrey And Sussex Healthcare NHS Trust,"7,675",0,0,"7,675",342,0,0,342,95.50%,95.50%,"2,497",0,0,"2,497",475,"2,972",149,0
RDR,South Of England Commissioning Region,Sussex Community NHS Trust,0,0,"8,188","8,188",0,0,76,76,N/A,99.10%,0,0,0,0,0,0,0,0
RBA,South Of England Commissioning Region,Taunton And Somerset NHS Foundation Trust,"5,176",0,0,"5,176",396,0,0,396,92.30%,92.30%,"1,796",0,0,"1,796","1,357","3,153",14,0
AAH,South Of England Commissioning Region,Tetbury Hospital Trust Ltd,0,0,233,233,0,0,0,0,N/A,100.00%,0,0,0,0,0,0,0,0
RDZ,South Of England Commissioning Region,The Royal Bournemouth And Christchurch Hospitals NHS Foundation Trust,"5,674","1,388",0,"7,062",304,1,0,305,94.60%,95.70%,"1,822",7,0,"1,829",955,"2,784",64,0
RA9,South Of England Commissioning Region,Torbay And South Devon NHS Foundation Trust,"5,874",0,"2,261","8,135","1,191",0,1,"1,192",79.70%,85.30%,"2,355",0,0,"2,355",335,"2,690",183,1
RHM,South Of England Commissioning Region,University Hospital Southampton NHS Foundation Trust,"7,833","1,414",0,"9,247","1,076",1,0,"1,077",86.30%,88.40%,"3,106",12,0,"3,118","1,887","5,005",113,0
RA7,South Of England Commissioning Region,University Hospitals Bristol NHS Foundation Trust,"8,934","1,741",0,"10,675","1,181",0,0,"1,181",86.80%,88.90%,"2,971",12,0,"2,983",669,"3,652",337,0
RYR,South Of England Commissioning Region,Western Sussex Hospitals NHS Foundation Trust,"10,823",0,0,"10,823",686,0,0,686,93.70%,93.70%,"3,293",0,0,"3,293","1,472","4,765",146,0
RA3,South Of England Commissioning Region,Weston Area Health NHS Trust,"4,257",0,0,"4,257",687,0,0,687,83.90%,83.90%,"1,144",0,0,"1,144",117,"1,261",7,2
NDA56,South Of England Commissioning Region,Weybridge Walk In Centre,0,0,"2,660","2,660",0,0,14,14,N/A,99.50%,0,0,0,0,0,0,0,0
NDA55,South Of England Commissioning Region,Woking Walk In Centre,0,0,"3,059","3,059",0,0,10,10,N/A,99.70%,0,0,0,0,0,0,0,0
NLX24,South Of England Commissioning Region,Yate West Gate Centre,0,0,"1,256","1,256",0,0,6,6,N/A,99.50%,0,0,0,0,0,0,0,0
RA4,South Of England Commissioning Region,Yeovil District Hospital NHS Foundation Trust,"3,999",0,0,"3,999",279,0,0,279,93.00%,93.00%,"1,336",0,0,"1,336",280,"1,616",0,0
